{"img":{"in38ace4a7":{"src":"https://www.facebook.com/tr?id=2269569150091223&ev=PageView&noscript=1","alt":null,"sizes":""},"i7dfc681c":{"src":"/assets/images/group-174.svg","alt":"","sizes":""},"i4b2bea34":{"src":"/assets/images/evgeniy-alyoshin-2asqyjafflo-unsplash.jpg","alt":"","srcset":["/assets/images/evgeniy-alyoshin-2asqyjafflo-unsplash-p-500.jpg 500w","/assets/images/evgeniy-alyoshin-2asqyjafflo-unsplash-p-800.jpg 800w","/assets/images/evgeniy-alyoshin-2asqyjafflo-unsplash-p-1080.jpg 1080w","/assets/images/evgeniy-alyoshin-2asqyjafflo-unsplash-p-1600.jpg 1600w","/assets/images/evgeniy-alyoshin-2asqyjafflo-unsplash-p-2000.jpg 2000w","/assets/images/evgeniy-alyoshin-2asqyjafflo-unsplash-p-2600.jpg 2600w","/assets/images/evgeniy-alyoshin-2asqyjafflo-unsplash.jpg 2800w"],"sizes":"100vw"},"i1d96cb31":{"src":"/assets/images/200kwp-niemcy-1.jpg","alt":"","srcset":["/assets/images/200kwp-niemcy-1-p-500.jpg 500w","/assets/images/200kwp-niemcy-1-p-800.jpg 800w","/assets/images/200kwp-niemcy-1-p-1080.jpg 1080w","/assets/images/200kwp-niemcy-1-p-1600.jpg 1600w","/assets/images/200kwp-niemcy-1-p-2000.jpg 2000w","/assets/images/200kwp-niemcy-1-p-2600.jpg 2600w","/assets/images/200kwp-niemcy-1.jpg 2731w"],"sizes":"(max-width: 479px) 90vw, (max-width: 767px) 69vw, (max-width: 991px) 64vw, 59vw"},"in2184dd2d":{"src":"/assets/images/vector.svg","alt":"","sizes":""},"i26c65337":{"src":"/assets/images/vector-1.svg","alt":"","sizes":""},"i773555e7":{"src":"/assets/images/untitled-design-2.svg","alt":"","sizes":""},"in64d4f23e":{"src":"/assets/images/untitled-design.svg","alt":"","sizes":""},"i775184e9":{"src":"/assets/images/untitled-design-4.svg","alt":"","sizes":""},"i775f9c6a":{"src":"/assets/images/untitled-design-5.svg","alt":"","sizes":""},"i77436d68":{"src":"/assets/images/untitled-design-3.svg","alt":"","sizes":""},"in6d1cd834":{"src":"/assets/placeholder.svg","alt":"","sizes":""},"i269ee5fd":{"src":"/assets/images/michael-wilson-wp7wotwlbbk-unsplash.jpg","alt":"","srcset":["/assets/images/michael-wilson-wp7wotwlbbk-unsplash-p-500.jpg 500w","/assets/images/michael-wilson-wp7wotwlbbk-unsplash-p-800.jpg 800w","/assets/images/michael-wilson-wp7wotwlbbk-unsplash-p-1080.jpg 1080w","/assets/images/michael-wilson-wp7wotwlbbk-unsplash-p-1600.jpg 1600w","/assets/images/michael-wilson-wp7wotwlbbk-unsplash-p-2000.jpg 2000w","/assets/images/michael-wilson-wp7wotwlbbk-unsplash-p-2600.jpg 2600w","/assets/images/michael-wilson-wp7wotwlbbk-unsplash-p-3200.jpg 3200w","/assets/images/michael-wilson-wp7wotwlbbk-unsplash.jpg 5472w"],"sizes":"100vw"},"ine153970":{"src":"/assets/images/422382323_210369678832859_8411988778198245695_n.jpg","alt":"","srcset":["/assets/images/422382323_210369678832859_8411988778198245695_n-p-500.jpg 500w","/assets/images/422382323_210369678832859_8411988778198245695_n-p-800.jpg 800w","/assets/images/422382323_210369678832859_8411988778198245695_n-p-1080.jpg 1080w","/assets/images/422382323_210369678832859_8411988778198245695_n.jpg 2048w"],"sizes":"(max-width: 479px) 90vw, (max-width: 767px) 69vw, (max-width: 991px) 64vw, 59vw"},"i2e5c5076":{"src":"/assets/images/428604563_122143597238076242_8239137949100345433_n.jpg","alt":"","srcset":["/assets/images/428604563_122143597238076242_8239137949100345433_n-p-500.jpg 500w","/assets/images/428604563_122143597238076242_8239137949100345433_n-p-800.jpg 800w","/assets/images/428604563_122143597238076242_8239137949100345433_n-p-1080.jpg 1080w","/assets/images/428604563_122143597238076242_8239137949100345433_n.jpg 1440w"],"sizes":"(max-width: 479px) 90vw, (max-width: 767px) 69vw, (max-width: 991px) 64vw, 59vw"},"i2bef48b9":{"src":"/assets/images/400kwp-holandia3.jpg","alt":"","srcset":["/assets/images/400kwp-holandia3-p-500.jpg 500w","/assets/images/400kwp-holandia3-p-800.jpg 800w","/assets/images/400kwp-holandia3-p-1080.jpg 1080w","/assets/images/400kwp-holandia3.jpg 1560w"],"sizes":"(max-width: 479px) 90vw, (max-width: 767px) 69vw, (max-width: 991px) 64vw, 59vw"},"in2339bf08":{"src":"/assets/images/papowo-torunski-instalacja-96kwp.jpg","alt":"","srcset":["/assets/images/papowo-torunski-instalacja-96kwp-p-500.jpg 500w","/assets/images/papowo-torunski-instalacja-96kwp-p-800.jpg 800w","/assets/images/papowo-torunski-instalacja-96kwp-p-1080.jpg 1080w","/assets/images/papowo-torunski-instalacja-96kwp.jpg 1600w"],"sizes":"(max-width: 479px) 90vw, (max-width: 767px) 69vw, (max-width: 991px) 64vw, 59vw"},"in1a2ae9":{"src":"/assets/images/polygon23.svg","alt":"","sizes":""}},"link":{"a-78721987":"#dlaczego-my","a9a885ac":"#uslugi","aa7d410f":"#realizacje","a13b2219d":"#kontakt","a1515b2c6":"mailto:biuro@fplenergia.pl","a64ddc8c4":"tel:+48733222142","a-2bb5fc88":"tel:+48780606313","a2f":"/","a2c7f73b7":"https://www.facebook.com/FPLEnergia","a-27c6917c":"mailto:biuto@fplenergia.pl"},"text":{"t46975cf":"O nas","tn680b60ad":"Usługi","t260aaccc":"Realizacje","t43219700":"Kontakt","t6c2cea04":"Kompleksowa oferta przemiany energetycznej dla Twojego domu, gospodarstwa i biznesu","t55e9256":"Zobacz więcej","tn31c0e390":"dlaczego my?","t9a1d364":"Jesteśmy zespołem techników i instalatorów z wieloletnim doświadczeniem w branży odnawialnych źródeł energii (OZE). Montaże wykonujemy głównie w środkowej i północnej części Polski jak również na terenie Niemiec. Korzystając z naszego doświadczenia staramy się jak najlepiej wykorzystać środki inwestycyjne naszych klientów, aby &nbsp;efektywnie zmniejszyć koszty zużycia energii elektrycznej. ","tn2084476d":"Ekologia","te969ea1":"W przeciwieństwie do konwencjonalnych źródeł energii, fotowoltaikacechuje się zerową emisją CO2.","tn9b6b6c4":"Oszczędzanie energii","t1ed8ad4d":"Odnawialne źródła energii dają nam realne oszczędności i większaniezależność energetyczną.","t145cab":"+600","tn5387728e":"Instalacji","t625":"16","t38":"8","tn27ae187b":"Lat na rynku","t30c2365f":"Czym się zajmujemy?","t7461f5e3":"Technologie OZE","t35bddd2f":"Projektujemy i budujemy instalacje fotowoltaiczne na dachach, gruntach oraz wiatach fotowoltaicznych typu carport. &nbsp;Mamy za sobą zrealizowane projekty od kilku do kilkuset paneli. Śledzimy nowości w branży i dokładamy starań żeby nasze instalacje były oparte o najnowsze rozwiązania technologiczne.","t3b3a4489":"Magazyny Energii","tn4981edb6":"Instalujemy magazyny energii wysoko i nisko napięciowe. Dobieramy systemy magazynowania energii do indywidualnych potrzeb i możliwości klientów. Z wykorzystaniem technologii magazynowania energii, zwiększamy znacznie samowystarczalność i mamy możliwości podtrzymania zasilania w przypadku zaniku prądu z sieci energetycznej.","t3505836a":"Zajmujemy się montażem naprawą oraz przeglądami instalacji elektrycznych. Wykonujemy modernizacje rozdzielnic i instalacji elektrycznych z dopasowaniem do możliwości pracy wyspowej (off Grid)","tn651af1d5":"Wykonujemy projekty PV SOL dla klientów indywidualnych, dla biznesu jak i w inwestycjach sektora publicznego. Możliwości programu to: wizualizacja 3D, optymalne wykorzystanie powierzchni, analiza rentowności, symulacje zacienienia, symulacja pracy magazynów energii i dodatkowych źródeł zasilania, schematy elektryczne. ","tn2e61dc7f":"Wraz z naszymi partnerami, montujemy zestawy fotowoltaiczne z wymianą źródła ciepła i termomodernizacją. Z nami w pełni wykorzystasz środki z programu „Czyste powietrze”","tn3a66cd7c":"proces","tn1e563369":"etapy współpracy","t11f6f43c":"Prowadzone przez nas usługi dzielimy na 7 etapów. Na każdym z nich nasi klienci mogą liczyć na wsparcie. ","t1e8bf982":"1. Wizja lokalna","t31855a17":"Spotykamy się na miejscu inwestycji, wykonujemy pomiary i sprawdzamy jakie są możliwości danej lokalizacji.","tn40d9ed59":"2. Doradztwo techniczne","t47e0f980":"Dobieramy komponenty instalacji. Szukamy najnowszych rozwiązań u sprawdzonych producentów, z gwarancją na długoletnią prace.","t46c95770":"3. Oferta i projekt","t1cd569a9":"Przygotowujemy indywidualnie dopasowaną ofertę i profesjonalny projekt instalacji.","t22fc55b2":"4. Finansowanie","tn230b011d":"Oferujemy pełne wsparcie w zakresie pozyskiwania dotacji i innych form dofinansowania.","tn7ce27256":"5. Montaż","tn1a6d8bae":"Przeprowadzamy szybki, bezpieczny montaż i uruchomienie system.","tn512f4a0c":"6. Dokumentacja","tn5eea074f":"Wysyłamy wniosek do zakładu energetycznego i uzgodnienia PPOŻ","t16f5d40b":"7. Długofalowa obsługa","t743f679c":"Po zakończeniu montażu, jesteśmy nadal do dyspozycji, służąc pomocą i wsparciem technicznym.","tn3c8932ae":"nasz Realizacje","t3a9fb492":"Magazyn energii","t2a177f17":"Łowicz","t1b32ae1d":"10,24 kW","t52c02379":"Fotowoltaika dachowa","t9588e8":"Łódź","t2f5634b":"45 kW","t50c20b0b":"Dortmund","t3ab90265":"+200 kW","t14897ac2":"Instalacja elektryczna","tn1b01dfd6":"Holandia","t3e22b3a3":"+400 kW","t4d3e6e6":"Toruń","t63c95709":"9,6 kW","t1a6392e6":"Masz pytanie? odpowiemy!","tn59e5b432":"biuro@fplenergia.pl","t5033d5e6":"Świecie","tn994adb9":"+48 733 222 142","tn308b2431":"+48 780 606 313","tn42b727f3":"NIP: 5592059371","tn2a906474":"© 2024 FachowcyPL Sp. z o.o. All rights reserved."},"textarea":{"ta790c872c":"<span class=\"yellow\">Technologie</span> Odnawialnych Źródeł Energii","ta26da39e7":"doświadczenie<br>i profesjonalizm","tan401154cc":"Certyfikatów<br>i licencji","ta6eb4f72f":"<strong>Usługi elektryczne</strong>","tan34a3fd79":"<strong>Usługi projektowe </strong>","ta44539212":"<strong>Pompy ciepła i termomodernizacje</strong>","tan323eec4d":"<span class=\"text-span\"><strong>FachowcyPL Sp. z o.o.<br></strong></span>ul. Przemysłowa 2,<br>86-100 Świecie","tan7626a867":"FachowcyPL Sp. z o.o.<br>"},"richtext":{},"iframe":{}}