{"img":{"in38ace4a7":{"src":"https://www.facebook.com/tr?id=2269569150091223&ev=PageView&noscript=1","alt":null,"sizes":""},"i722c2283":{"src":"https://uploads-ssl.webflow.com/624380709031623bfe4aee60/624380709031625abc4aee65_company-logo.svg","alt":"","sizes":""},"in135f85cd":{"src":"https://uploads-ssl.webflow.com/624380709031623bfe4aee60/624380709031626fc14aee84_icon.svg","alt":"","sizes":""},"i6190b479":{"src":"https://uploads-ssl.webflow.com/624380709031623bfe4aee60/6294195f2d0c46815fb2259c_icon.svg","alt":"","sizes":""}},"link":{"a3972e592":"#typography","a-154728ad":"#colors","a-39866481":"#effects","a35b27c0d":"#UI-elements","a13461009":"#structure-classes","a49f972a8":"https://www.finsweet.com/client-first/docs/intro","a23":"#","a4a20b5ce":"https://preview.webflow.com/preview/relume-library-styleguide-acf210747e4ed?utm_medium=preview_link&utm_source=designer&utm_content=relume-library-styleguide-acf210747e4ed&preview=70d7170de140a15ce2fd9200271d9857"},"text":{"t5500514f":"Typography","t78a3a990":"Colors","tna16ef1e":"Effects","tn5b365edd":"UI Elements","t3ae1b639":"Structure Classes","t38399f21":"Relume Style Guide","t57947a3b":"Client-First V2.1 • Last updated Sep 03, 2024","tn33d446f3":"Client-First Docs","tn63ec17f7":"All H1 Headings","t6af22973":"Heading 1","tn6fa2a6d8":"All H2 Headings","t6af22974":"Heading 2","tn7b5935b9":"All H3 Headings","t6af22975":"Heading 3","t78f03b66":"All H4 Headings","t6af22976":"Heading 4","t6d39ac85":"All H5 Headings","t6af22977":"Heading 5","t61831da4":"All H6 Headings","t6af22978":"Heading 6","tn362a6a30":"heading-style-h1","tn68662610":"Heading-style-h1","tn362a6a2f":"heading-style-h2","tn6866260f":"Heading-style-h2","tn362a6a2e":"heading-style-h3","tn6866260e":"Heading-style-h3","tn362a6a2d":"heading-style-h4","tn6866260d":"Heading-style-h4","tn362a6a2c":"heading-style-h5","tn6866260c":"Heading-style-h5","tn362a6a2b":"heading-style-h6","tn6866260b":"Heading-style-h6","t5cba4ce4":"All Paragraphs","tn5286fc08":"Lorem ipsum dolor sit amet, consectetur adipiscing elit. Suspendisse varius enim in eros elementum tristique. Duis cursus, mi quis viverra ornare, eros dolor interdum nulla, ut commodo diam libero vitae erat. Aenean faucibus nibh et justo cursus id rutrum lorem imperdiet. Nunc ut sem vitae risus tristique posuere.","t47b903a":"All Links","tn101a4b17":"All Block Quotes","t3f3470e9":"Block Quote","tn73afc0b6":"All Unordered Lists","tn21b006c3":"No bullet list","t4209e983":"All Ordered Lists","tn75d7fcf1":"text-size-large","tn4340bddf":"text-size-medium","tn1c283d90":"text-size-regular","tn75702325":"text-size-small","tn6f243f54":"text-size-tiny","tn6542b3f8":"text-weight-xbold","t12af1501":"text-weight-xbold (800)","t704ee01a":"text-weight-bold","tn760ea0cc":"text-weight-bold (700)","tn399389f8":"text-weight-semibold","t44d5d643":"text-weight-semibold (600)","tn55b3dc36":"text-weight-medium","t31f83626":"text-weight-medium (500)","tn536baec4":"text-weight-normal","t653091b9":"text-weight-normal (400)","tn65e8bddf":"text-weight-light","tn2d4df181":"text-weight-light (300)","tn1e09a194":"text-style-italic","tn613aa0e9":"text-style-strikethrough","tn576c60ba":"text-style-allcaps","tn15bdc639":"text-style-nowrap","tn5b5d5d40":"text-style-quote","t4f9fb336":"text-style-link","tn7c513db7":"text-style-2lines","tn7a9c6518":"text-style-3lines","t61956fd0":"Lorem ipsum dolor sit amet, consectetur adipiscing elit. Suspendisse varius enim in eros elementum tristique. Duis cursus, mi quis viverra ornare, eros dolor interdum nulla, ut commodo diam libero vitae erat. Aenean faucibus nibh et justo cursus id rutrum lorem imperdiet. Nunc ut sem vitae risus tristique posuere. Lorem ipsum dolor sit amet, consectetur adipiscing elit. Suspendisse varius enim in eros elementum tristique. Duis cursus, mi quis viverra ornare, eros dolor interdum nulla, ut commodo diam libero vitae erat. Aenean faucibus nibh et justo cursus id rutrum lorem imperdiet. Nunc ut sem vitae risus tristique posuere.","tn5b95aa51":"text-style-muted","tn7d5d8a2e":"text-style-tagline","t91bde6f":"text-align-left","t224610bd":"text-align-center","t1ab650b4":"text-align-right","t41b289f1":"Rich Text","t41067ade":"text-rich-text","t2329a6e1":"Learn how to use variables to manage colors","tn42a4c1dd":"Example Project","t3c0506eb":"Watch walkthrough","t3c388ef6":"background-color-black","t3d5ecb20":"background-color-white","tn65d4c7":"background-color-primary","tn4130e315":"background-color-secondary","tncbf6e05":"background-color-tertiary","t2bd2d164":"background-color-alternative","tneee4b61":"text-color-white","tn1014878b":"text-color-black","tn6dc74f08":"text-color-primary","t23e32eea":"text-color-secondary","tb1fdf0":"text-color-alternate","t28f7225a":"shadow-xxsmall","tn30837324":"shadow-xsmall","t613eca1a":"shadow-small","tn4412033e":"shadow-medium","t60d6f04e":"shadow-large","tn30eb4cf0":"shadow-xlarge","t288f488e":"shadow-xxlarge","t719b5761":"Buttons","tn521dd8ce":"button","t77471352":"Button","tn4de6515c":"is-small","tn35398b6f":"is-secondary","tn6733526b":"is-tertiary","t79586ebd":"is-link","tn586abc69":"is-alternate","tn6afbdea1":"Buttons With Icons","t7956fb3c":"is-icon","tn5a211463":"is-icon-only","t6ae044d3":"Form Elements","t5a0ea5a1":"Thank you! Your submission has been received!","tn7c112e99":"Oops! Something went wrong while submitting the form.","tn1e9beab0":"Icons (Image)","t4b851335":"icon-height-xxsmall","tn58b06b5f":"icon-height-xsmall","t78b935b5":"icon-height-small","tn6c3efb79":"icon-height-medium","t78515be9":"icon-height-large","tn5918452b":"icon-height-xlarge","tn1078eff2":"icon-height-custom1","t4f79a690":"icon-1x1-xxsmall","t5d1da9e6":"icon-1x1-xsmall","tn581f1c30":"icon-1x1-small","t498f19cc":"icon-1x1-medium","tn5886f5fc":"icon-1x1-large","t5cb5d01a":"icon-1x1-xlarge","tnc845c97":"icon-1x1-custom1","t1bf9a":"tag","t1477a":"Tag","t795c03f0":"is-text","t7d6e14bf":"icon-embed-xxsmall","t66db39d7":"icon-embed-xsmall","tn78d6ee41":"icon-embed-small","t534ca9bd":"icon-embed-medium","tn793ec80d":"icon-embed-large","t6673600b":"icon-embed-xlarge","t21701198":"icon-embed-custom1","t329acb55":"page-wrapper","t3a80a47f":"main-wrapper","tn28522f45":"container-small","t135fca41":"container-medium","tn28ba0911":"container-large","t10e9acdf":"padding-global","tn5efc9c9d":"padding-section-small","t74bc8c99":"padding-section-medium","tn5f647669":"padding-section-large","tn8f47bdc":"button-group","tn6f3a0217":"Max Widths","tned2fdc1":"max-width-full","t3ce671b4":"max-width-full-tablet","t2f386d1e":"max-width-full-mobile-landscape","tn20151728":"max-width-full-mobile-portrait","tn5dfc3175":"max-width-xxlarge","t7828f973":"max-width-xlarge","t34bed18b":"max-width-large","t65024325":"max-width-medium","t3526ab57":"max-width-small","t7890d33f":"max-width-xsmall","tn5d9457a9":"max-width-xxsmall","t31f1aaa2":"Paddings","t109fc445":"Direction Classes","t88e4367":"padding-bottom","tn5987fe67":"padding-top","t2737b1b2":"padding-vertical","t7e873760":"padding-horizontal","t28846843":"padding-left","tn17a0fea0":"padding-right","tca50f07":"Size Classes","tn6b2e7e8c":"padding-0","t28881b3c":"padding-tiny","tn5bb29bb5":"padding-xxsmall","t2e4dc8cb":"padding-xsmall","tn17912bb5":"padding-small","t1abf38b1":"padding-medium","tn17f90581":"padding-large","t2de5eeff":"padding-xlarge","tn5c1a7581":"padding-xxlarge","t2882d2e7":"padding-huge","tn174cb199":"padding-xhuge","t2e9242e7":"padding-xxhuge","t484f6124":"padding-custom1","t484f6125":"padding-custom2","t484f6126":"padding-custom3","tn6ac3379b":"Margins","t7c565f2a":"margin-bottom","t756c34b6":"margin-top","tn3698174b":"margin-vertical","t5585b9a3":"margin-horizontal","t381698c6":"margin-left","tn34ed1ec3":"margin-right","te81d7d1":"margin-0","t381a4bbf":"margin-tiny","tn56773f18":"margin-xxsmall","tn5dea1b72":"margin-xsmall","tn34dd4bd8":"margin-small","tn7178ab8c":"margin-medium","tn354525a4":"margin-large","tn5e51f53e":"margin-xlarge","tn56df18e4":"margin-xxlarge","t3815036a":"margin-huge","tn3498d1bc":"margin-xhuge","tn5da5a156":"margin-xxhuge","t4d8abdc1":"margin-custom1","t4d8abdc2":"margin-custom2","t4d8abdc3":"margin-custom3","tn14b69259":"Spacers","t2b589346":"Unified spacer system for the project.","tn3f117fff":"spacer-tiny","tn6809f29a":"spacer-xxsmall","t46ae1050":"spacer-xsmall","t5cd50826":"spacer-small","t331f8036":"spacer-medium","t5c6d2e5a":"spacer-large","t46463684":"spacer-xlarge","tn6871cc66":"spacer-xxlarge","tn3f16c854":"spacer-huge","t5d198242":"spacer-xhuge","t46f28a6c":"spacer-xxhuge","tn554a76ce":"Utility Classes","t30dd42":"hide","tbfe805a":"This element is hidden","tn527642af":"hide-tablet","tn3429a225":"hide-mobile-portrait","tn3f446785":"hide-mobile-landscape","tn5c729a59":"overflow-visible","tn6d7ad22b":"overflow-hidden","t21707c9a":"overflow-auto","tn5b038908":"overflow-scroll","tn2a4d3dad":"pointer-events-auto","tn2a476c24":"pointer-events-none","t61fd551":"layer","t7387303f":"spacing-clean","t325fa01d":"align-center","t5f060ba3":"z-index-1","t5f060ba4":"z-index-2","t29f753fd":"display-inlineflex","t34e4c66":"margin-top-auto","t43a4074":"aspect-ratio-square","t39292932":"aspect-ratio-portrait","tn23dc7fc":"aspect-ratio-landscape","t1f228d6":"aspect-ratio-widescreen","tn137213ef":"inherit-color"},"textarea":{"tan7df06c11":"HTML&nbsp;Headings Tags<br><span class=\"rl-styleguide_subheading-small\">HTML tags define default Heading styles.</span><br>","tan259b2c98":"Heading Classes<br><span class=\"rl-styleguide_subheading-small\">Heading classes when typography style doesn't match the default HTML tag.</span>","ta49b1bf0d":"Other HTML Tags<br><span class=\"rl-styleguide_subheading-small\">HTML tags define default text styles.</span>","ta1e20aeaa":"Text Sizes<br><span class=\"rl-styleguide_subheading-small\">Text sizes classes when typography size doesn't match the default HTML tag.</span>","tan71d557c4":"Text Weights<br><span class=\"rl-styleguide_subheading-small\">Text weight classes when typography weight doesn't match the default HTML tag.</span>","tan2284c1df":"Text Styles<br><span class=\"rl-styleguide_subheading-small\">Text style classes when typography style doesn't match the default HTML tag.</span><br>","tan15614400":"Text Alignment<br><span class=\"rl-styleguide_subheading-small\">Text alignment classes when typography alignment doesn't match the default HTML tag.</span>","tan43b020e7":"Background Color<br><span class=\"rl-styleguide_subheading-small\">Manage recurring background colors.</span>","ta36995d79":"Text Color<br><span class=\"rl-styleguide_subheading-small\">Manage recurring text colors.</span>","tabc5c952":"Box Shadows<br>‍<span class=\"rl-styleguide_subheading-small\">Shadows allow you to add depth and realism to designs by positioning elements on a z-axis.</span>","tan5f72b698":"To use on a dark background, simple use the add-on class <span class=\"rl-styleguide_label\">is-alternate</span>","tan68cf13d3":"To use Forms on a dark background, simply use the add-on class <span class=\"rl-styleguide_label\">is-alternate</span>","tan7c28171b":"Tags<br><span class=\"rl-styleguide_subheading-small\">Linkable labels that categorize or highlight information on cards, products and posts</span>","tan46a25788":"Icons (HTML Embed)<br><span class=\"rl-styleguide_subheading-small\">HTML embed icons enable you to control icon color on hover.</span><br>","ta24021488":"<span class=\"rl-styleguide_subheading-small\">Defined and flexible core structure we can use on all or most pages.</span>","tan558c9913":"<span class=\"rl-styleguide_subheading-small\">Use the max-width CSS property to contain inner content to a maximum width.</span>","tan4ee2118":"<span class=\"rl-styleguide_subheading-small\">Useful utility classes we like to use in most of our projects to build faster.</span>"},"richtext":{"r152fd9b3":"\n                    <h1>Heading 1</h1>\n                    <h2>Heading 2</h2>\n                    <h3>Heading 3</h3>\n                    <h4>Heading 4</h4>\n                    <h5>Heading 5</h5>\n                    <h6>Heading 6</h6>\n                    <blockquote>This is a block quote</blockquote>\n                    <p>The rich text element allows you to create and format headings, paragraphs, blockquotes, images, and video all in one place instead of having to add and format them individually. Just double-click and easily create content.</p>\n                    <p>\n                      <a href=\"https://relume.io\">This is a link inside of a rich text</a>\n                    </p>\n                    <ul role=\"list\">\n                      <li>List item</li>\n                      <li>List item</li>\n                      <li>List item</li>\n                    </ul>\n                    <ol start=\"\" role=\"list\">\n                      <li>List item</li>\n                      <li>List item</li>\n                      <li>List item</li>\n                    </ol>\n                    <figure class=\"w-richtext-align-normal w-richtext-figure-type-image\">\n                      <div><img src=\"/assets/images/placeholder-image.png\" loading=\"lazy\" alt=\"\"></div>\n                      <figcaption>Caption goes here</figcaption>\n                    </figure>\n                  "},"iframe":{}}